<?xml version="1.0" encoding="UTF-8"?>
<root>
  <item name="com.dl7.tag.TagLayout com.dl7.tag.TagView _initTagView(java.lang.String, int) 1">
    <annotation name="android.support.annotation.IntDef">
      <val name="value" val="{com.dl7.tag.TagView.MODE_NORMAL, com.dl7.tag.TagView.MODE_EDIT, com.dl7.tag.TagView.MODE_CHANGE, com.dl7.tag.TagView.MODE_SINGLE_CHOICE, com.dl7.tag.TagView.MODE_MULTI_CHOICE, com.dl7.tag.TagView.MODE_ICON_CHECK_INVISIBLE, com.dl7.tag.TagView.MODE_ICON_CHECK_CHANGE}" />
    </annotation>
  </item>
  <item name="com.dl7.tag.TagLayout void setTagShape(int) 0">
    <annotation name="android.support.annotation.IntDef">
      <val name="value" val="{com.dl7.tag.TagView.SHAPE_ROUND_RECT, com.dl7.tag.TagView.SHAPE_ARC, com.dl7.tag.TagView.SHAPE_RECT}" />
    </annotation>
  </item>
  <item name="com.dl7.tag.TagView void setTagMode(int) 0">
    <annotation name="android.support.annotation.IntDef">
      <val name="value" val="{com.dl7.tag.TagView.MODE_NORMAL, com.dl7.tag.TagView.MODE_EDIT, com.dl7.tag.TagView.MODE_CHANGE, com.dl7.tag.TagView.MODE_SINGLE_CHOICE, com.dl7.tag.TagView.MODE_MULTI_CHOICE, com.dl7.tag.TagView.MODE_ICON_CHECK_INVISIBLE, com.dl7.tag.TagView.MODE_ICON_CHECK_CHANGE}" />
    </annotation>
  </item>
  <item name="com.dl7.tag.TagView void setTagShape(int) 0">
    <annotation name="android.support.annotation.IntDef">
      <val name="value" val="{com.dl7.tag.TagView.SHAPE_ROUND_RECT, com.dl7.tag.TagView.SHAPE_ARC, com.dl7.tag.TagView.SHAPE_RECT}" />
    </annotation>
  </item>
  <item name="com.dl7.tag.TagView.OnTagClickListener void onTagClick(int, java.lang.String, int) 2">
    <annotation name="android.support.annotation.IntDef">
      <val name="value" val="{com.dl7.tag.TagView.MODE_NORMAL, com.dl7.tag.TagView.MODE_EDIT, com.dl7.tag.TagView.MODE_CHANGE, com.dl7.tag.TagView.MODE_SINGLE_CHOICE, com.dl7.tag.TagView.MODE_MULTI_CHOICE, com.dl7.tag.TagView.MODE_ICON_CHECK_INVISIBLE, com.dl7.tag.TagView.MODE_ICON_CHECK_CHANGE}" />
    </annotation>
  </item>
  <item name="com.dl7.tag.TagView.OnTagLongClickListener void onTagLongClick(int, java.lang.String, int) 2">
    <annotation name="android.support.annotation.IntDef">
      <val name="value" val="{com.dl7.tag.TagView.MODE_NORMAL, com.dl7.tag.TagView.MODE_EDIT, com.dl7.tag.TagView.MODE_CHANGE, com.dl7.tag.TagView.MODE_SINGLE_CHOICE, com.dl7.tag.TagView.MODE_MULTI_CHOICE, com.dl7.tag.TagView.MODE_ICON_CHECK_INVISIBLE, com.dl7.tag.TagView.MODE_ICON_CHECK_CHANGE}" />
    </annotation>
  </item>
  <item name="com.dl7.tag.TagView.TagMode">
    <annotation name="android.support.annotation.IntDef">
      <val name="value" val="{com.dl7.tag.TagView.MODE_NORMAL, com.dl7.tag.TagView.MODE_EDIT, com.dl7.tag.TagView.MODE_CHANGE, com.dl7.tag.TagView.MODE_SINGLE_CHOICE, com.dl7.tag.TagView.MODE_MULTI_CHOICE, com.dl7.tag.TagView.MODE_ICON_CHECK_INVISIBLE, com.dl7.tag.TagView.MODE_ICON_CHECK_CHANGE}" />
    </annotation>
  </item>
  <item name="com.dl7.tag.TagView.TagShape">
    <annotation name="android.support.annotation.IntDef">
      <val name="value" val="{com.dl7.tag.TagView.SHAPE_ROUND_RECT, com.dl7.tag.TagView.SHAPE_ARC, com.dl7.tag.TagView.SHAPE_RECT}" />
    </annotation>
  </item>
</root>

